Período/Exercício;Sociedade;ContaInterna;Prazo;Moeda;Saldo
0FISCPER;0COMPANY;CA_CINTER;CA_PRAZO;0CURKEY_GC;0CS_TRN_GC
012024;1001;42545741;180;EUR;-987384637,75
012024;1001;65026962;360;USD;-830460748,41
012024;1001;81318317;30;EUR;820223292,26
012024;1001;86074735;60;BRL;337541692,17
012024;1001;96014402;60;USD;5889393,37
012024;1001;70346516;60;BRL;-357785469,34
012024;1001;72944504;90;BRL;266819308,76
012024;1001;76545014;1;BRL;-564585234,79
012024;1001;93585996;60;BRL;-103441161,08
012024;1001;32830398;360;BRL;275811814,06
012024;1001;93486162;1;BRL;-112946534,18
012024;1001;52629311;360;BRL;-965605393,66
012024;1001;81176113;180;BRL;-210256030,39
012024;1001;10172518;90;EUR;849955589,45
012024;1001;89454057;360;USD;171178122,47
012024;1001;78284364;180;USD;-82303803,32
012024;1001;22904062;90;USD;-746753248,42
012024;1001;29049031;60;EUR;-202494802,68
012024;1001;62701453;90;USD;943714748,36
012024;1001;43554220;30;USD;41540713,11
012024;1001;27811768;30;EUR;-725714389,00
012024;1001;42432055;30;USD;685391883,65
012024;1001;24720516;90;USD;-750741037,42
012024;1001;46350131;1;BRL;-420200980,04
012024;1001;38616453;180;USD;555734762,48
012024;1001;82899648;180;EUR;-4544874,06
012024;1001;63781092;90;USD;-241286277,67
012024;1001;18431452;60;EUR;-78370641,34
012024;1001;76775664;90;BRL;-577251719,97
012024;1001;52784189;90;BRL;939404303,97
012024;1001;32102846;30;EUR;116097061,36
012024;1001;32466642;30;EUR;182880055,14
012024;1001;88102033;90;USD;730031232,75
012024;1001;49654552;1;BRL;-907079853,63
012024;1001;60477390;60;BRL;925826866,62
012024;1001;31178909;1;USD;906720561,06
012024;1001;80316146;90;EUR;109004103,36
012024;1001;52699249;30;EUR;140025785,90
012024;1001;22211869;180;USD;-594618178,25
012024;1001;59335485;60;USD;-426547864,24
012024;1001;10661721;90;USD;-886356452,63
012024;1001;45378472;360;USD;187695451,73
012024;1001;59383386;30;EUR;-463029093,93
012024;1001;71996059;360;USD;599839159,01
012024;1001;60004641;60;BRL;-992670062,36
012024;1001;85560286;90;BRL;-422970646,61
012024;1001;67941273;30;EUR;-587338105,22
012024;1001;86999276;60;EUR;-371677386,27
012024;1001;92144418;60;BRL;-25158273,51
012024;1001;98033111;60;USD;794044928,44
012024;1001;76910515;90;USD;182757118,83
012024;1001;26807948;90;EUR;991866307,40
012024;1001;16580655;180;EUR;-253813915,64
012024;1001;48067331;1;EUR;902895434,98
012024;1001;15283103;180;USD;504399704,21
012024;1001;16774886;180;USD;-77289069,41
012024;1001;16501446;90;BRL;-732656971,23
012024;1001;93833576;1;EUR;933268786,27
012024;1001;98563437;30;BRL;-440763380,06
012024;1001;14818483;30;BRL;-482227315,41
012024;1001;69262067;1;BRL;-728619205,01
012024;1001;31419120;180;USD;407473024,96
012024;1001;44086989;90;EUR;-353301872,84
012024;1001;37375499;180;USD;-706415355,53
012024;1001;20934071;90;USD;28693896,59
012024;1001;99265076;360;EUR;-727724107,25
012024;1001;88939456;180;BRL;333065919,69
012024;1001;44849049;360;USD;-803038023,53
012024;1001;72026928;90;BRL;-217678176,62
012024;1001;57313025;360;USD;41409033,78
012024;1001;84574232;360;BRL;-374282595,98
012024;1001;35299750;60;USD;419551961,42
012024;1001;44144230;30;USD;-64974152,57
012024;1001;61895822;60;USD;956796637,73
012024;1001;24955255;90;USD;647052450,88
012024;1001;19424713;360;EUR;763462305,47
012024;1001;36644319;180;USD;183650194,04
012024;1001;91692496;180;BRL;-293739198,07
012024;1001;44591593;60;BRL;-555499261,83
012024;1001;52037159;180;BRL;-624007808,35
012024;1001;35780977;30;BRL;419384816,97
012024;1001;28798785;360;BRL;629679950,60
012024;1001;36762987;60;EUR;219898051,90
012024;1001;23836351;1;USD;421376614,75
012024;1001;57483398;30;USD;-829533230,72
012024;1001;62313228;90;BRL;350298334,45
012024;1001;57290393;180;USD;-507213181,92
012024;1001;29731811;30;BRL;-945679902,91
012024;1001;26257534;180;EUR;-134154859,19
012024;1001;91876637;180;BRL;-633981681,85
012024;1001;32929891;90;USD;-805991607,22
012024;1001;67815428;180;USD;-976650588,15
012024;1001;20417987;30;EUR;-190806415,23
012024;1001;44998608;60;BRL;-369533042,59
012024;1001;16833952;90;BRL;-962337764,76
012024;1001;16599960;180;EUR;-338149494,03
012024;1001;22593021;30;EUR;358568788,46
012024;1001;43386337;180;BRL;-722072593,21
012024;1001;51139272;90;USD;-642739865,01
012024;1001;51682674;30;BRL;-635133214,99
012024;1001;95721917;60;USD;-667426210,86
012024;1001;20884863;1;EUR;-19416394,17
012024;1001;71869909;90;USD;-459757240,05
012024;1001;69054263;180;USD;-10169274,06
012024;1001;64919990;60;BRL;598289921,08
012024;1001;58627536;1;USD;66981290,87
012024;1001;91373818;30;EUR;900668304,43
012024;1001;65491270;180;USD;-674891762,46
012024;1001;63255636;1;BRL;-491631080,39
012024;1001;34703947;30;EUR;-936557703,76
012024;1001;32553739;1;BRL;-6358643,31
012024;1001;46702194;360;EUR;248739534,86
012024;1001;59280376;1;USD;196201640,16
012024;1001;83339881;360;BRL;-2834862,48
012024;1001;52851392;30;EUR;586350345,76
012024;1001;35022872;90;USD;943738519,23
012024;1001;59067022;1;USD;872817365,59
012024;1001;17380085;180;USD;269440326,21
012024;1001;53837842;90;USD;-76225877,77
012024;1001;64236496;60;EUR;705373032,86
012024;1001;71753909;1;USD;419335568,53
012024;1001;33253375;30;USD;-35970417,45
012024;1001;15727241;360;BRL;423764046,92
012024;1001;36940798;1;BRL;21531935,98
012024;1001;17905701;180;EUR;292539357,79
012024;1001;65033165;360;EUR;422976817,49
012024;1001;56877440;30;USD;-729228429,21
012024;1001;34075341;1;BRL;94426352,51
012024;1001;21492770;180;USD;-291755710,12
012024;1001;30640170;90;EUR;-79780601,51
012024;1001;13860675;360;USD;869399601,95
012024;1001;38737930;180;BRL;-409044793,74
012024;1001;72247184;60;EUR;-378805487,12
012024;1001;65518062;60;USD;-370004460,89
012024;1001;51780575;60;BRL;-357899198,68
012024;1001;70565568;90;EUR;-835882804,19
012024;1001;72435576;360;USD;377839736,43
012024;1001;39112973;90;USD;-136299714,14
012024;1001;69156071;60;USD;7539297,91
012024;1001;67059429;360;EUR;788434730,30
012024;1001;34544704;180;USD;-378898643,82
012024;1001;16634873;1;USD;496391641,74
012024;1001;56975316;180;USD;856519650,84
012024;1001;18596968;90;USD;29661343,65
012024;1001;26531055;1;EUR;530184382,12
012024;1001;51939647;1;EUR;584285831,40
012024;1001;82093314;90;EUR;-600606328,92
012024;1001;81518623;180;EUR;410408746,56
012024;1001;62448110;60;EUR;953536281,71
012024;1001;36352568;180;EUR;-874096848,69
012024;1001;70538959;90;EUR;682163269,42
012024;1001;62277947;30;BRL;143202127,08
012024;1001;80563779;1;BRL;73114981,26
012024;1001;69949201;180;USD;452840511,16
012024;1001;66224318;30;USD;597737950,90
012024;1001;34762408;360;EUR;552188889,09
012024;1001;50623977;30;EUR;-713516622,02
012024;1001;94389760;60;BRL;290463910,40
012024;1001;16664995;360;BRL;377122666,92
012024;1001;92992470;60;BRL;76019765,84
012024;1001;59464430;1;EUR;-749632220,62
012024;1001;63509903;1;EUR;369698943,79
012024;1001;77065700;60;BRL;897253800,13
012024;1001;74676016;1;USD;868922894,00
012024;1001;99882106;180;BRL;-590702333,89
012024;1001;97277104;90;USD;-722787522,92
012024;1001;82788167;60;BRL;704953024,27
012024;1001;36918268;30;USD;988049921,40
012024;1001;51693267;360;EUR;184516875,54
012024;1001;87488259;180;USD;-181418726,12
012024;1001;15323201;90;USD;483799024,21
012024;1001;16342591;1;BRL;-2444533,33
012024;1001;45628897;60;EUR;-323383247,23
012024;1001;49108088;90;BRL;-392778835,69
012024;1001;15149528;1;BRL;947275858,60
012024;1001;61270229;180;BRL;421085761,00
012024;1001;80809542;30;EUR;284258371,03
012024;1001;90893835;30;USD;-965237038,10
012024;1001;26206905;1;USD;-618859133,87
012024;1001;24571001;1;EUR;697517211,92
012024;1001;56484708;1;EUR;-402928759,05
012024;1001;63844896;60;EUR;-584327904,73
012024;1001;61428218;1;USD;-961900860,69
012024;1001;46763736;1;EUR;-394917120,74
012024;1001;93336260;60;EUR;803599351,64
012024;1001;33406008;60;USD;-318995515,87
012024;1001;62367328;60;USD;892145814,08
012024;1001;74322011;60;USD;-156441588,33
012024;1001;46084825;30;EUR;-722381997,63
012024;1001;99585590;180;BRL;476831487,06
012024;1001;57099172;90;BRL;253868542,87
012024;1001;29940090;60;USD;-958611636,25
012024;1001;41172170;360;BRL;-15009781,81
012024;1001;46970433;90;USD;-59755504,55
012024;1001;78032831;1;BRL;-918858755,47
012024;1001;99971143;90;EUR;-588138412,99
012024;1001;41039710;180;USD;-176953619,16
012024;1001;96058491;360;EUR;64146528,68
012024;1001;14690723;90;EUR;-806019187,68
012024;1001;62212776;360;EUR;-647944988,31
012024;1001;54402468;90;USD;-314369145,35
012024;1001;62706216;30;BRL;938263006,80
012024;1001;35827608;180;BRL;-878641571,33
012024;1001;31843747;1;EUR;-676186010,06
012024;1001;10974245;360;BRL;168812472,22
012024;1001;46941301;1;USD;38489521,83
012024;1001;50848462;30;USD;263134948,50
012024;1001;56499030;90;BRL;636012139,17
012024;1001;48688082;60;EUR;691774925,61
012024;1001;63932637;60;BRL;-624593207,30
012024;1001;91819153;360;USD;-523822911,40
012024;1001;82454902;180;USD;-630460252,57
012024;1001;64938716;60;BRL;-293794449,79
012024;1001;45213461;1;USD;124476748,63
012024;1001;39415717;180;BRL;-942397928,59
012024;1001;92204344;60;EUR;605996202,18
012024;1001;49785876;180;EUR;-263485059,41
012024;1001;78061838;180;USD;-841164723,79
012024;1001;10855325;180;EUR;853933993,88
012024;1001;85272332;360;EUR;93713668,73
012024;1001;83997894;90;USD;267875300,93
012024;1001;38974971;1;BRL;582473803,87
012024;1001;41712811;360;EUR;83938548,75
012024;1001;60357583;180;EUR;413878377,45
012024;1001;19417132;30;USD;943520123,01
012024;1001;13968398;30;USD;-119655300,06
012024;1001;20370612;30;USD;802131642,10
012024;1001;71636917;90;BRL;-856217306,18
012024;1001;23662532;60;BRL;-939001900,81
012024;1001;53956451;60;EUR;935109836,60
012024;1001;41182191;360;USD;123150039,34
012024;1001;55338632;30;EUR;-285916928,58
012024;1001;26064742;30;EUR;-469120097,07
012024;1001;53774342;90;USD;28311245,86
012024;1001;72699363;360;USD;7375108,31
012024;1001;18070622;1;EUR;884894766,47
012024;1001;25946046;90;USD;940229515,55
012024;1001;18090715;180;BRL;375649581,58
012024;1001;31014171;90;USD;-448186954,02
012024;1001;70708702;90;EUR;153299643,21
012024;1001;64656240;360;EUR;898671166,44
012024;1001;15805495;90;EUR;845907062,94
012024;1001;10318738;1;BRL;214899843,57
012024;1001;47228854;30;BRL;-33851777,96
012024;1001;23689266;360;USD;379095475,14
012024;1001;19785723;90;USD;83159913,41
012024;1001;29157963;180;BRL;-348699056,03
012024;1001;85487918;30;USD;426023792,75
012024;1001;79813323;30;BRL;473497900,31
012024;1001;50667903;60;EUR;-439874326,49
012024;1001;22182385;180;USD;36185522,28
012024;1001;75911008;1;BRL;-172872006,43
012024;1001;11486806;180;EUR;755239918,27
012024;1001;15411005;1;BRL;41527529,81
012024;1001;47652472;180;USD;299753654,69
012024;1001;11727985;180;BRL;823969215,83
012024;1001;75685956;90;BRL;353278303,00
012024;1001;40955347;30;EUR;256404291,16
012024;1001;68915844;180;EUR;378680433,40
012024;1001;15335194;360;EUR;-587631117,93
012024;1001;35752744;30;EUR;-971835028,26
012024;1001;86439279;360;USD;-657030554,22
012024;1001;97967535;60;EUR;981604094,31
012024;1001;97480638;30;EUR;-623373470,58
012024;1001;28886615;60;BRL;-681396677,61
012024;1001;43503931;360;USD;-531723195,12
012024;1001;36500984;60;BRL;-259021606,81
012024;1001;95941893;180;USD;622426246,77
012024;1001;25351500;360;USD;688772970,86
012024;1001;63092997;60;BRL;17628597,40
012024;1001;56095268;90;BRL;728807620,34
012024;1001;92832244;1;EUR;256175365,60
012024;1001;81095139;180;BRL;-889183333,87
012024;1001;27836204;30;USD;766725270,97
012024;1001;84571971;30;EUR;388674608,68
012024;1001;70959658;1;EUR;-270361990,78
012024;1001;87953679;360;BRL;-108789993,07
012024;1001;41014954;180;EUR;-729796319,60
012024;1001;23116162;30;EUR;-217091165,59
012024;1001;30076354;1;USD;-673308927,17
012024;1001;11060180;60;EUR;-123443120,65
012024;1001;82000923;60;BRL;101378210,97
012024;1001;14436587;1;USD;473451663,88
012024;1001;55053440;30;USD;-217137864,63
012024;1001;24653294;360;USD;53302152,58
012024;1001;50600269;60;EUR;148289515,84
012024;1001;71440293;90;EUR;724088618,72
012024;1001;93830947;180;BRL;-457515822,01
012024;1001;29217505;30;USD;72280657,41
012024;1001;63747535;180;EUR;700110715,46
012024;1001;48164818;90;EUR;297755636,44
012024;1001;59262081;180;BRL;63224677,07
012024;1001;48923955;30;EUR;-818621910,11
012024;1001;78473893;90;EUR;-944318504,94
012024;1001;90008720;60;USD;-587653865,02
012024;1001;44145699;90;USD;586546671,09
012024;1001;28572799;30;USD;-655094260,26
012024;1001;74481747;60;EUR;-442951910,83
012024;1001;11899348;1;USD;924846346,85
012024;1001;42057934;1;BRL;-727536677,87
012024;1001;10020954;1;BRL;246711428,80
012024;1001;66990318;1;USD;-231559266,37
012024;1001;42519930;90;USD;-403648658,57
012024;1001;62078685;1;EUR;854934580,42
012024;1001;11166176;360;BRL;18802690,91
012024;1001;42869978;60;USD;-309955905,21
012024;1001;21372717;1;BRL;-4247610,38
012024;1001;61799400;180;EUR;-431796620,61
012024;1001;29896252;90;BRL;-702011360,00
012024;1001;75700703;180;BRL;-325932628,40
012024;1001;82978234;30;USD;80044425,76
012024;1001;31556281;360;EUR;-312901632,96
012024;1001;72639422;90;BRL;-276628084,91
012024;1001;93498024;1;EUR;202239127,52
012024;1001;21107350;1;BRL;968315157,82
012024;1001;78053879;1;EUR;141047590,06
012024;1001;69147041;360;USD;-497574628,32
012024;1001;31509093;90;USD;993785693,86
012024;1001;95834862;180;USD;-639710248,02
012024;1001;98677220;360;BRL;287595607,69
012024;1001;28583529;90;BRL;-797970981,31
012024;1001;66912212;30;USD;-544333782,21
012024;1001;24762383;90;BRL;-700009004,91
012024;1001;36774357;30;BRL;471262713,98
012024;1001;11599452;90;BRL;-118324910,50
012024;1001;42034255;180;USD;-666955451,68
012024;1001;67102233;60;USD;-891161992,06
012024;1001;76862631;90;USD;784245684,92
012024;1001;83100699;360;USD;254822413,17
012024;1001;24357739;60;BRL;991968270,59
012024;1001;55673123;180;EUR;316706702,67
012024;1001;22198762;180;EUR;418469659,39
012024;1001;18349840;30;EUR;-756189667,96
012024;1001;54358686;90;USD;-962665575,55
012024;1001;58773456;90;BRL;-496169733,69
012024;1001;54300609;60;BRL;-539584331,10
012024;1001;51763487;1;USD;528250981,32
012024;1001;34903847;1;USD;190844225,25
012024;1001;67607860;30;BRL;513618529,73
012024;1001;60903568;1;USD;930039592,29
012024;1001;58078551;90;EUR;-1486844,35
012024;1001;92535133;60;USD;-335432464,11
012024;1001;40281083;60;USD;-312145899,41
012024;1001;61218459;30;USD;653742813,34
012024;1001;58209943;180;USD;-300832697,68
012024;1001;44916141;1;EUR;-902108463,21
012024;1001;88116269;360;BRL;610518526,54
012024;1001;98655070;1;EUR;-405413572,75
012024;1001;21524367;60;BRL;852182772,85
012024;1001;81932142;360;USD;-52370273,77
012024;1001;13951577;60;BRL;135447810,98
012024;1001;60414442;60;BRL;-559983022,00
012024;1001;53464846;60;EUR;-469960406,71
012024;1001;29421844;360;EUR;-725945939,68
012024;1001;96960237;360;USD;-364381426,76
012024;1001;78080732;360;BRL;-856638457,78
012024;1001;35172455;180;USD;965522865,38
012024;1001;41366341;30;BRL;863419544,44
012024;1001;18922803;90;EUR;-662882272,79
012024;1001;53853753;1;USD;384239250,15
012024;1001;23318389;1;BRL;-858018856,43
012024;1001;22994607;360;EUR;735811405,30
012024;1001;71987213;360;EUR;317943755,32
012024;1001;83457833;60;EUR;-960938172,92
012024;1001;59982627;90;EUR;199289409,14
012024;1001;98091892;30;EUR;450184158,82
012024;1001;26373022;90;USD;309431223,57
012024;1001;70139920;30;EUR;148651220,59
012024;1001;17273257;1;USD;619192558,71
012024;1001;62878579;60;EUR;-156064210,73
012024;1001;79145871;1;EUR;-875998130,07
012024;1001;83462826;1;BRL;45368004,37
012024;1001;49456806;180;EUR;-848128697,64
012024;1001;15409470;1;USD;-157941530,21
012024;1001;43733056;360;USD;-948367680,05
012024;1001;88259112;1;BRL;-497056699,91
012024;1001;83906685;360;BRL;-660930882,54
012024;1001;53487330;360;USD;-292668113,54
012024;1001;87779283;180;BRL;-948332212,05
012024;1001;35546270;1;EUR;844435369,98
012024;1001;35405548;180;EUR;953843823,45
012024;1001;74233693;60;USD;862201267,65
012024;1001;97531180;60;USD;684094347,95
012024;1001;23693687;360;USD;-955742847,31
012024;1001;73229733;360;USD;664952187,61
012024;1001;64397906;360;USD;145267062,67
012024;1001;86742502;30;BRL;528154404,13
012024;1001;66288167;1;BRL;154079358,16
012024;1001;41005567;60;BRL;51717213,24
012024;1001;19441625;90;USD;181223612,30
012024;1001;83408589;30;EUR;-320922664,06
012024;1001;67826139;30;EUR;135682307,02
012024;1001;29552379;30;EUR;-980721035,02
012024;1001;50664539;60;EUR;595365000,25
012024;1001;25595528;60;BRL;977287165,00
012024;1001;14385982;360;BRL;-234403965,85
012024;1001;82538386;180;EUR;989108408,45
012024;1001;93178538;30;BRL;-45567120,66
012024;1001;89080859;60;BRL;-806399413,20
012024;1001;92197410;30;EUR;-112587779,61
012024;1001;62603104;1;USD;818792686,35
012024;1001;91114699;30;EUR;266206625,36
012024;1001;78344641;90;USD;-98889686,26
012024;1001;89315314;1;EUR;-939336626,37
012024;1001;21855108;360;EUR;-141883350,16
012024;1001;99068076;180;USD;433811298,15
012024;1001;52907799;60;EUR;-375521100,75
012024;1001;75388248;360;BRL;-879619026,76
012024;1001;82075540;90;USD;-955601681,49
012024;1001;13987858;60;EUR;835924199,89
012024;1001;18704694;90;BRL;-147937455,53
012024;1001;67225357;1;BRL;96480700,53
012024;1001;89395105;1;BRL;721704426,55
012024;1001;29353174;90;BRL;109124266,94
012024;1001;90729434;90;BRL;-871060267,04
012024;1001;66941576;360;USD;970170757,77
012024;1001;33676460;90;BRL;894730858,38
012024;1001;99876937;90;EUR;364772175,88
012024;1001;71352864;180;BRL;747392045,66
012024;1001;47912819;180;BRL;515545909,62
012024;1001;42304249;60;USD;25921388,06
012024;1001;78438303;60;USD;360569118,46
012024;1001;17186444;1;USD;-881458262,92
012024;1001;52667594;90;USD;-68283556,67
012024;1001;86254939;90;USD;756104837,27
012024;1001;24549782;30;BRL;920207633,06
012024;1001;35928969;1;EUR;-299476821,84
012024;1001;42008341;90;EUR;-373212981,77
012024;1001;85682296;180;USD;445890400,53
012024;1001;65831363;90;USD;-624804112,40
012024;1001;93902048;30;EUR;634180106,30
012024;1001;51403768;60;USD;-950153184,69
012024;1001;18229567;360;USD;666408815,30
012024;1001;56157235;60;USD;-377499758,01
012024;1001;96469836;360;USD;835002511,70
012024;1001;45751033;180;BRL;971457406,49
012024;1001;66595325;60;EUR;70425959,49
012024;1001;13115494;60;USD;394592369,44
012024;1001;50857472;60;BRL;-594434791,73
012024;1001;84743026;1;USD;-129871265,56
012024;1001;14910524;30;EUR;-227934690,41
012024;1001;33535664;30;EUR;-64880070,99
012024;1001;97359311;180;BRL;-239642211,99
012024;1001;57801330;1;USD;668165392,78
012024;1001;67673468;180;USD;-453471057,14
012024;1001;67304616;60;USD;451564243,50
012024;1001;61576742;1;BRL;-916683181,22
012024;1001;32098087;180;EUR;-608197138,57
012024;1001;83044835;180;USD;-459978917,89
012024;1001;63431375;1;BRL;-966513103,23
012024;1001;42843756;60;EUR;962877759,25
012024;1001;57304549;1;USD;953714105,04
012024;1001;95886778;90;USD;3860055,81
012024;1001;84676956;1;EUR;-692634100,54
012024;1001;77217658;60;USD;-206981114,11
012024;1001;91079003;60;USD;923096448,87
012024;1001;84574874;60;EUR;623820441,75
012024;1001;68624879;60;BRL;480306824,78
012024;1001;43527215;30;BRL;447502179,93
012024;1001;23581389;60;BRL;-204211950,18
012024;1001;62870585;30;BRL;571354851,79
012024;1001;83444895;180;BRL;785927403,82
012024;1001;17920438;30;EUR;-710152624,81
012024;1001;53518491;30;EUR;465520796,45
012024;1001;99241874;90;EUR;-850274932,15
012024;1001;76403280;90;USD;713117552,76
012024;1001;42682773;1;BRL;241255597,19
012024;1001;17253445;360;EUR;421178720,65
012024;1001;42425886;360;USD;-562938861,15
012024;1001;98698619;1;BRL;416523498,56
012024;1001;32090653;60;BRL;972817666,59
012024;1001;43727068;60;EUR;929642695,88
012024;1001;41730763;60;USD;822360464,13
012024;1001;78492800;1;EUR;611530004,95
012024;1001;70982633;30;BRL;129426974,84
012024;1001;39449572;60;BRL;-490392814,46
012024;1001;94353155;180;EUR;-368871460,51
012024;1001;28223898;180;EUR;-949909943,80
012024;1001;33049078;180;USD;902854102,47
012024;1001;72787373;1;USD;544916965,19
012024;1001;38262160;360;USD;-796092656,98
012024;1001;91531438;360;USD;378542368,15
012024;1001;22230462;30;BRL;-715445485,85
012024;1001;35901781;30;EUR;893640828,38
012024;1001;81686727;360;BRL;-888144853,90
012024;1001;75489350;30;EUR;422502868,34
012024;1001;72556493;90;BRL;-685129745,05
012024;1001;34726349;30;BRL;-123661272,79
012024;1001;32934211;90;BRL;-525911967,00
012024;1001;70441578;30;USD;-499373946,63
012024;1001;31881231;90;USD;535208061,54
012024;1001;44008459;60;BRL;-89320281,76
012024;1001;74153724;360;USD;-708097680,61
012024;1001;77318130;1;BRL;156235211,37
012024;1001;69265838;90;BRL;-486502148,02
012024;1001;34017185;1;EUR;-469976046,78
012024;1001;56078155;90;USD;-568222872,57
012024;1001;33485760;30;USD;-207975669,63
012024;1001;46985384;90;BRL;182915264,88
012024;1001;22854135;1;EUR;115890057,53
012024;1001;34019445;1;EUR;-646687037,60
012024;1001;27694719;60;BRL;-738607850,09
012024;1001;22247757;360;EUR;504507834,45
012024;1001;61217547;90;USD;840877536,84
012024;1001;30141035;1;BRL;-189082965,50
012024;1001;26827799;30;USD;-351573807,29
012024;1001;95855407;90;EUR;-612926466,41
012024;1001;13043221;60;EUR;-820339511,68
012024;1001;67800533;30;USD;260436802,63
012024;1001;78271591;30;USD;-119679065,29
012024;1001;13200385;30;EUR;171791242,33
012024;1001;20515122;360;BRL;-218731405,75
012024;1001;23906416;360;BRL;484408054,28
012024;1001;18414346;90;EUR;720274152,43
012024;1001;98840058;90;USD;769045030,02
012024;1001;96492391;180;BRL;-849207660,41
012024;1001;78587639;90;EUR;-470176202,86
012024;1001;92789844;30;USD;-586768033,15
012024;1001;95625272;180;USD;-813380877,79
012024;1001;81288088;60;BRL;-764828762,11
012024;1001;97970516;30;USD;-171035906,15
012024;1001;98611580;30;BRL;52933537,48
012024;1001;72688612;60;BRL;-648492620,37
012024;1001;12191502;60;EUR;-363409871,27
012024;1001;30626639;30;EUR;-626628642,46
012024;1001;30136375;60;USD;763225674,93
012024;1001;85873770;30;EUR;788624593,07
012024;1001;52989198;60;BRL;816908693,18
012024;1001;84759822;360;EUR;222884133,18
012024;1001;62145809;90;BRL;258360490,33
012024;1001;69301404;1;EUR;346542672,94
012024;1001;63614658;360;EUR;-458076959,51
012024;1001;56676372;30;BRL;297810405,53
012024;1001;23262014;60;USD;-922736633,32
012024;1001;15009495;360;EUR;706179700,27
012024;1001;91750091;360;USD;-847750484,82
012024;1001;50313208;1;BRL;815389534,88
012024;1001;76199222;60;USD;-816654442,44
012024;1001;57434806;360;USD;713822319,65
012024;1001;87677132;60;EUR;834477537,85
012024;1001;24008422;30;BRL;-906041472,31
012024;1001;94902260;90;USD;-403219178,90
012024;1001;89561649;90;BRL;-442592266,66
012024;1001;77110992;180;EUR;429481956,43
012024;1001;39900080;180;BRL;176559306,88
012024;1001;25355186;60;BRL;-815727881,46
012024;1001;38366274;1;EUR;741094553,89
012024;1001;17479574;90;BRL;-464899970,86
012024;1001;44550653;60;EUR;641829227,92
012024;1001;59987489;1;BRL;-59656106,85
012024;1001;64901894;1;BRL;626752619,54
012024;1001;52950869;180;BRL;-419613244,09
012024;1001;21430733;180;USD;294297903,79
012024;1001;86143545;180;EUR;-649604517,27
012024;1001;48105557;30;BRL;85581290,89
012024;1001;85767230;360;USD;-656819444,63
012024;1001;69502977;360;EUR;732164809,57
012024;1001;82922835;1;EUR;646510227,85
012024;1001;20695599;1;EUR;-316830898,06
012024;1001;98015805;360;EUR;968935000,31
012024;1001;76939891;180;EUR;-543048401,12
012024;1001;73131019;360;USD;200533446,06
012024;1001;49156313;180;EUR;-544206441,82
012024;1001;65060828;360;USD;-674172971,50
012024;1001;88285098;60;USD;965208297,29
012024;1001;41964357;60;USD;-270939164,86
012024;1001;76998158;360;EUR;-995870792,07
012024;1001;33553035;30;EUR;601332847,36
012024;1001;73808275;180;USD;234688195,41
012024;1001;96920736;90;USD;814085301,72
012024;1001;78986173;1;BRL;-79609265,65
012024;1001;55356095;180;USD;-929207095,49
012024;1001;75183165;30;USD;-801724202,40
012024;1001;50254090;60;EUR;435803269,33
012024;1001;23823953;1;USD;-835072915,44
012024;1001;34683150;1;EUR;164759454,28
012024;1001;22367739;360;BRL;-981609263,90
012024;1001;32998433;1;USD;-778735053,33
012024;1001;21541843;180;USD;-418024573,65
012024;1001;95507439;180;USD;530555008,30
012024;1001;77990859;360;USD;882188890,36
012024;1001;52682117;60;USD;-214064054,42
012024;1001;72930938;1;BRL;-487842149,83
012024;1001;55794159;360;USD;-821773865,86
012024;1001;30198956;90;USD;124017621,67
012024;1001;59905228;90;EUR;-10526493,69
012024;1001;25255611;60;USD;-499289075,53
012024;1001;99874685;180;USD;-570188461,41
012024;1001;29440169;1;BRL;-938621861,28
012024;1001;95010104;60;EUR;253988781,26
012024;1001;33368177;30;EUR;-947491946,89
012024;1001;65015238;180;EUR;494283374,48
012024;1001;43529330;90;EUR;-498415551,61
012024;1001;14568373;1;USD;136489719,96
012024;1001;71782216;60;EUR;-942370836,45
012024;1001;49621012;180;USD;422085330,97
012024;1001;84131349;30;USD;138640110,87
012024;1001;65901227;30;BRL;-738385220,58
012024;1001;48443298;1;EUR;-926948141,17
012024;1001;24575942;1;USD;-97380689,07
012024;1001;94308870;90;USD;865039744,96
012024;1001;47757034;90;BRL;893238824,10
012024;1001;21228197;360;BRL;902902418,02
012024;1001;93115867;60;USD;-110091676,54
012024;1001;38545202;360;BRL;-433625856,19
012024;1001;33085115;360;USD;-839908169,14
012024;1001;96867314;1;EUR;274937318,13
012024;1001;77782263;90;EUR;76276523,77
012024;1001;67630576;30;USD;809156487,50
012024;1001;45642558;1;BRL;300793917,03
012024;1001;30505729;30;USD;542519865,80
012024;1001;40660059;30;USD;-435867859,83
012024;1001;16180974;1;EUR;273858429,57
012024;1001;83564922;30;EUR;675957488,52
012024;1001;55260688;1;EUR;-781829610,17
012024;1001;33307998;180;USD;-889990721,98
012024;1001;65300665;1;USD;963380449,33
012024;1001;68991890;60;USD;528770168,17
012024;1001;51782256;360;BRL;-224470443,32
012024;1001;70620505;1;USD;-123381215,51
012024;1001;86238169;60;USD;34844551,90
012024;1001;91121370;360;EUR;-128467420,38
012024;1001;21892450;180;EUR;810033211,80
012024;1001;83270074;30;EUR;921037794,84
012024;1001;61318846;30;USD;433716615,07
012024;1001;64083971;360;USD;751258011,45
012024;1001;78521644;360;EUR;-372313304,13
012024;1001;76463257;30;BRL;-527503601,13
012024;1001;45140626;30;EUR;460850231,43
012024;1001;16229818;360;BRL;-635358526,24
012024;1001;46370572;90;USD;696073847,56
012024;1001;18544448;30;EUR;811502545,67
012024;1001;85605095;1;USD;948920179,59
012024;1001;69069501;90;BRL;-941136274,63
012024;1001;43101104;180;BRL;573849190,30
012024;1001;35249662;360;USD;749361307,91
012024;1001;33406822;60;EUR;254575975,55
012024;1001;72777873;30;EUR;454167861,54
012024;1001;71996136;60;EUR;-9407576,62
012024;1001;20469900;30;BRL;-770695127,82
012024;1001;21013458;180;USD;218774958,48
012024;1001;93043393;1;BRL;-215891473,33
012024;1001;31431504;90;BRL;369730129,94
012024;1001;55725606;360;BRL;-907934009,29
012024;1001;27774884;30;EUR;-66873604,46
012024;1001;86132188;360;BRL;166741052,01
012024;1001;41294534;360;EUR;782195614,82
012024;1001;25679026;360;BRL;964830194,25
012024;1001;68786333;360;BRL;-596644890,94
012024;1001;70620430;60;USD;681586851,24
012024;1001;98746029;90;BRL;301636840,85
012024;1001;20518843;1;USD;-842373316,73
012024;1001;97949552;180;USD;830066994,19
012024;1001;18352545;60;BRL;499530560,94
012024;1001;77396570;180;USD;5453757,06
012024;1001;71068475;1;EUR;887451632,17
012024;1001;41486770;60;USD;201526832,68
012024;1001;20654134;90;BRL;589427437,21
012024;1001;11202781;1;EUR;-682824999,84
012024;1001;60991206;90;USD;866920509,83
012024;1001;27667168;90;BRL;792039692,63
012024;1001;67794462;360;USD;779890929,39
012024;1001;82471652;1;BRL;-158918701,71
012024;1001;92525884;360;EUR;-631900163,77
012024;1001;49400684;180;USD;79994657,72
012024;1001;11659143;360;USD;680551244,76
012024;1001;24019133;60;BRL;836383958,58
012024;1001;79531066;30;USD;31774180,65
012024;1001;64879600;30;EUR;-725759223,28
012024;1001;15812301;60;USD;621553189,02
012024;1001;58998449;30;EUR;-426547578,02
012024;1001;72252574;1;USD;614350685,85
012024;1001;51226579;1;USD;-371027253,37
012024;1001;65864803;1;USD;-315357848,06
012024;1001;21175652;180;USD;-482565832,97
012024;1001;87009786;360;EUR;-84404327,81
012024;1001;70437229;1;EUR;259472419,80
012024;1001;48075027;30;BRL;512682567,99
012024;1001;52554957;30;BRL;-140941341,67
012024;1001;19188904;1;EUR;567149951,91
012024;1001;25253346;60;EUR;436310012,74
012024;1001;18502403;60;EUR;-485885314,71
012024;1001;42773408;30;BRL;-270839801,73
012024;1001;31214351;360;USD;-561194393,31
012024;1001;59995950;180;EUR;192330358,50
012024;1001;37907953;60;USD;965666324,74
012024;1001;93443603;180;EUR;736060036,29
012024;1001;55621708;30;BRL;-596666336,25
012024;1001;40808096;360;EUR;-787538063,07
012024;1001;14336381;60;EUR;-453438594,43
012024;1001;87386305;180;EUR;941276417,76
012024;1001;69823544;90;EUR;257958121,05
012024;1001;59759784;360;USD;358891261,78
012024;1001;65557252;180;BRL;-361760141,69
012024;1001;49119520;1;USD;-445490673,44
012024;1001;11513528;90;USD;158952380,27
012024;1001;78432963;30;BRL;62874811,55
012024;1001;98031420;1;BRL;-982264957,94
012024;1001;64472848;90;EUR;224561051,46
012024;1001;67181757;360;BRL;617018436,47
012024;1001;32046538;90;EUR;-714061063,60
012024;1001;55399128;1;EUR;946731567,84
012024;1001;98829733;1;EUR;-50851915,88
012024;1001;67026574;1;EUR;964491239,39
012024;1001;14825598;1;USD;878569207,39
012024;1001;40340165;90;USD;-412560944,81
012024;1001;40132388;180;BRL;861576290,77
012024;1001;24604673;30;EUR;144676905,60
012024;1001;55995186;30;BRL;509842550,00
012024;1001;78185042;60;USD;647633015,74
012024;1001;29947290;60;EUR;-117770757,67
012024;1001;11181628;90;USD;425148778,96
012024;1001;51236965;30;BRL;-64108805,06
012024;1001;93243148;90;BRL;-886286872,18
012024;1001;13104414;90;USD;830217376,28
012024;1001;84129708;180;EUR;-655452838,08
012024;1001;98397072;360;BRL;-55995742,30
012024;1001;71052045;360;BRL;-583229208,98
012024;1001;83995519;1;USD;-561705850,51
012024;1001;70729239;1;EUR;487220838,48
012024;1001;69127078;1;EUR;918341660,36
012024;1001;29885784;30;BRL;-659532713,78
012024;1001;73784347;60;USD;-771519767,27
012024;1001;94724852;90;EUR;-203315668,18
012024;1001;33666436;1;USD;-403957498,00
012024;1001;71446918;180;BRL;822832844,30
012024;1001;75200758;1;EUR;720511586,36
012024;1001;43378222;60;BRL;-701607354,91
012024;1001;22636616;1;EUR;333903751,63
012024;1001;51646809;60;USD;944259560,76
012024;1001;99336559;360;USD;-636992497,92
012024;1001;97810560;30;EUR;-187230388,52
012024;1001;90874618;360;USD;-567701760,87
012024;1001;39925319;360;EUR;-190796460,58
012024;1001;54857518;60;BRL;-413612118,27
012024;1001;38224616;360;USD;-709679194,30
012024;1001;98681063;60;EUR;-818264249,45
012024;1001;75934353;180;USD;-20916478,21
012024;1001;71462984;60;USD;326698233,59
012024;1001;63965089;360;USD;-378543763,62
012024;1001;38156279;360;BRL;726176200,41
012024;1001;66500932;30;EUR;-168977073,41
012024;1001;25856098;180;USD;713575538,13
012024;1001;84359848;30;EUR;855979779,43
012024;1001;15222414;60;USD;-685343175,56
012024;1001;74701797;90;USD;265651771,49
012024;1001;16626766;60;BRL;-97558237,02
012024;1001;98688888;360;USD;-336923139,87
012024;1001;23658922;1;USD;-661226329,87
012024;1001;98155478;1;BRL;-432264200,58
012024;1001;13165633;60;USD;-504045340,75
012024;1001;73262393;90;USD;826571776,51
012024;1001;13382357;180;BRL;366369548,14
012024;1001;91799015;1;EUR;-854237748,47
012024;1001;28948904;60;EUR;-736126857,46
012024;1001;97552316;360;EUR;728990096,65
012024;1001;95601905;360;BRL;336226537,71
012024;1001;36585424;180;USD;863048718,34
012024;1001;97763273;1;EUR;-643419587,38
012024;1001;12141882;1;EUR;781024531,56
012024;1001;65445288;90;USD;33043592,05
012024;1001;79007609;60;USD;114104043,61
012024;1001;76743457;360;BRL;-355370681,58
012024;1001;31401466;1;USD;-313121542,43
012024;1001;96597855;1;BRL;-272924077,59
012024;1001;89131457;180;EUR;851347003,92
012024;1001;44898884;1;BRL;279229270,27
012024;1001;19643674;30;USD;698009863,75
012024;1001;31822621;60;BRL;262113890,06
012024;1001;80579381;180;BRL;74303461,15
012024;1001;53472376;60;USD;-233128177,65
012024;1001;13406789;360;USD;-485335149,68
012024;1001;47003343;1;EUR;151781979,87
012024;1001;13943337;90;USD;337898866,20
012024;1001;77161117;360;USD;567589814,59
012024;1001;18888177;1;USD;-89330310,80
012024;1001;85749777;1;BRL;-796397073,44
012024;1001;37118379;180;BRL;118820264,17
012024;1001;14150610;60;BRL;-940095894,92
012024;1001;93094315;1;USD;353237844,74
012024;1001;45135154;60;BRL;-402531830,41
012024;1001;62314392;60;BRL;520516358,77
012024;1001;68691413;1;BRL;294768039,32
012024;1001;42819993;180;BRL;-539380603,78
012024;1001;11771186;30;USD;140503942,84
012024;1001;18350623;1;EUR;-571989684,59
012024;1001;13234820;180;BRL;282922704,76
012024;1001;46631145;360;USD;-61671033,50
012024;1001;88105067;180;EUR;-565880510,31
012024;1001;88188090;60;BRL;581813263,65
012024;1001;72106358;1;BRL;-691043492,89
012024;1001;77413540;60;USD;-891000339,13
012024;1001;12195295;60;BRL;500586435,29
012024;1001;60705331;180;USD;-730779935,88
012024;1001;17919804;1;BRL;-611282759,57
012024;1001;40204022;60;EUR;-425439830,86
012024;1001;84480605;1;BRL;82538070,58
012024;1001;43940915;180;EUR;-68480485,18
012024;1001;17532714;1;USD;831583455,01
012024;1001;49486354;1;BRL;-272461524,05
012024;1001;64615110;60;USD;-299554018,28
012024;1001;30273628;1;EUR;-222662998,59
012024;1001;82822590;30;EUR;-991214887,63
012024;1001;54972083;90;BRL;-796645839,51
012024;1001;84895628;180;BRL;481136388,24
012024;1001;91023502;90;USD;764320823,81
012024;1001;24438521;30;USD;337401528,34
012024;1001;35682145;180;USD;73820880,27
012024;1001;34106745;360;BRL;-998332570,96
012024;1001;48668915;1;USD;672978535,06
012024;1001;94985424;30;EUR;426871999,50
012024;1001;24762755;60;USD;572823984,44
012024;1001;13527615;60;USD;-842253626,04
012024;1001;10698462;30;BRL;757773114,72
012024;1001;43420651;360;BRL;-682984695,76
012024;1001;45917410;60;EUR;746627355,38
012024;1001;53437449;360;BRL;-514233539,95
012024;1001;95382300;60;BRL;553907158,37
012024;1001;43421213;360;USD;610534633,98
012024;1001;94500273;360;BRL;724431846,38
012024;1001;62029662;1;EUR;-880627386,81
012024;1001;50399997;360;BRL;548450815,30
012024;1001;80362969;30;EUR;-206102805,12
012024;1001;26496734;30;EUR;110025829,67
012024;1001;60306553;60;BRL;-137152819,51
012024;1001;84136406;180;BRL;308781513,08
012024;1001;34609044;1;USD;-659712284,61
012024;1001;21180576;180;BRL;388455303,65
012024;1001;43702778;90;EUR;-750618977,49
012024;1001;32506966;60;USD;852375872,99
012024;1001;82149414;90;EUR;-488483018,48
012024;1001;89950889;1;USD;-191275833,34
012024;1001;85744218;30;EUR;761940999,45
012024;1001;84785405;360;BRL;170693265,87
012024;1001;38108288;180;EUR;671333060,82
012024;1001;78894199;30;EUR;-908935059,77
012024;1001;61051889;30;EUR;-673328593,49
012024;1001;74985035;30;BRL;851525439,88
012024;1001;57820347;90;USD;52292106,77
012024;1001;64163535;1;EUR;596350053,46
012024;1001;19061917;60;USD;-235240872,92
012024;1001;26057085;180;BRL;548278425,93
012024;1001;47932342;90;EUR;-351296134,91
012024;1001;60743615;180;EUR;-274731190,79
012024;1001;81162338;180;EUR;233601660,26
012024;1001;93645582;180;EUR;-748766259,79
012024;1001;25377884;30;EUR;-196708566,15
012024;1001;80649150;360;EUR;-214229264,21
012024;1001;85482573;180;BRL;-208248599,66
012024;1001;21625543;60;USD;-95120624,17
012024;1001;67106739;90;BRL;997016328,81
012024;1001;20041134;60;BRL;831558965,62
012024;1001;62062868;1;BRL;782775008,19
012024;1001;18068217;90;USD;-77353357,30
012024;1001;36900324;1;EUR;927788190,48
012024;1001;69629632;30;BRL;687861398,55
012024;1001;62767392;360;EUR;91334025,24
012024;1001;29405683;360;USD;550314928,07
012024;1001;24269302;60;BRL;740087099,85
012024;1001;51380322;180;USD;-180872010,23
012024;1001;36446155;360;USD;-627783916,48
012024;1001;82295080;30;EUR;-804397771,52
012024;1001;97344836;60;USD;749582156,25
012024;1001;13295617;30;BRL;-752308289,32
012024;1001;34952594;60;USD;-76323833,09
012024;1001;16155521;180;BRL;-169708609,66
012024;1001;56840632;90;USD;169473432,25
012024;1001;19201425;360;USD;-168703207,43
012024;1001;31256763;30;USD;-915575863,66
012024;1001;24350314;1;BRL;-244734499,06
012024;1001;44774494;180;BRL;-247269564,47
012024;1001;38999001;30;EUR;-284449264,83
012024;1001;70951701;90;BRL;-270951856,37
012024;1001;39390487;60;EUR;749506324,20
012024;1001;89448011;60;BRL;743663358,81
012024;1001;33834672;360;USD;790428565,06
012024;1001;85914856;1;EUR;916236681,03
012024;1001;68287154;60;USD;382722026,44
012024;1001;32217497;60;USD;-535451645,99
012024;1001;14360989;90;EUR;470783237,36
012024;1001;76394368;60;BRL;-817873454,96
012024;1001;55572691;60;BRL;-155007334,21
012024;1001;72766814;30;EUR;-151564178,40
012024;1001;93448207;90;EUR;-65251045,40
012024;1001;48146681;30;EUR;-105913654,09
012024;1001;77155726;180;EUR;544765596,51
012024;1001;25127514;360;BRL;855062082,02
012024;1001;16791650;1;BRL;-255734899,33
012024;1001;76251735;360;BRL;-728358954,46
012024;1001;84638267;360;EUR;-456266344,83
012024;1001;17127804;360;EUR;962113174,68
012024;1001;13080024;360;EUR;949682080,68
012024;1001;98062332;30;EUR;-51440944,87
012024;1001;76613651;90;USD;493347084,78
012024;1001;10606829;90;USD;-583660394,36
012024;1001;53601453;60;USD;2142329,90
012024;1001;75291371;180;EUR;-494209990,53
012024;1001;23813042;180;BRL;610498480,15
012024;1001;95738439;60;USD;-467228193,96
012024;1001;91286427;360;EUR;896510362,52
012024;1001;99246489;360;BRL;653910461,63
012024;1001;46170597;30;BRL;713219929,83
012024;1001;65395660;30;EUR;-456943969,88
012024;1001;36662640;60;USD;-72437404,65
012024;1001;70796162;90;EUR;712655361,56
012024;1001;41541722;30;EUR;-505842124,10
012024;1001;60979510;60;BRL;-800661798,10
012024;1001;74653961;180;EUR;531842953,04
012024;1001;27809789;1;USD;141532337,38
012024;1001;30055786;180;EUR;486826535,07
012024;1001;15746259;1;USD;-469304947,60
012024;1001;87772430;180;BRL;682685661,92
012024;1001;58087346;180;USD;-501029830,96
012024;1001;90262200;180;EUR;-783195417,98
012024;1001;53875907;180;EUR;-28688768,51
012024;1001;38670013;180;EUR;696066218,84
012024;1001;73080188;30;BRL;693684884,07
012024;1001;53096040;90;USD;671399302,69
012024;1001;30347875;360;USD;428090369,15
012024;1001;40795793;1;USD;-244304673,00
012024;1001;88277231;90;BRL;-395383542,58
012024;1001;17936598;90;EUR;-421199823,48
012024;1001;76824225;30;BRL;-167403897,76
012024;1001;32071530;60;BRL;-267757137,54
012024;1001;61427250;180;EUR;440818761,85
012024;1001;82852330;360;BRL;-876348557,24
012024;1001;98510639;1;EUR;362696174,06
012024;1001;50099892;180;EUR;-627280216,12
012024;1001;95919329;1;USD;-603708343,40
012024;1001;33286449;180;BRL;-675861624,05
012024;1001;43698403;180;USD;604536568,83
012024;1001;38766942;30;EUR;-45004531,19
012024;1001;61770630;30;USD;-762207085,25
012024;1001;28887328;180;EUR;722181658,18
012024;1001;85500459;360;BRL;270051431,18
012024;1001;98188489;30;EUR;533929276,04
012024;1001;98860245;60;USD;445633204,74
012024;1001;22730016;60;USD;-170949634,77
012024;1001;47979073;180;EUR;-88130382,00
012024;1001;79537845;1;EUR;560964365,88
012024;1001;46572505;360;USD;51834639,06
012024;1001;29145618;1;BRL;689945664,06
012024;1001;85034163;30;USD;-476591265,44
012024;1001;60324835;360;USD;-897245648,40
012024;1001;38912914;180;USD;-763643534,31
012024;1001;81320253;180;USD;921170988,57
012024;1001;64181995;30;EUR;794383650,07
012024;1001;92694116;1;BRL;-547895733,05
012024;1001;91161399;1;USD;-72095932,45
012024;1001;72556922;180;USD;464661701,18
012024;1001;18771189;60;EUR;-241636213,55
012024;1001;23246083;90;EUR;79033761,22
012024;1001;40097877;90;EUR;-505887435,56
012024;1001;82224972;90;BRL;248375146,90
012024;1001;96615730;360;EUR;220913718,69
012024;1001;20031822;60;EUR;985998069,05
012024;1001;55848290;60;USD;221695512,27
012024;1001;59112962;360;USD;806918674,02
012024;1001;32090425;1;EUR;940479857,63
012024;1001;54285580;30;BRL;606171921,64
012024;1001;64607190;360;BRL;-110079302,65
012024;1001;40282780;60;BRL;-803227603,49
012024;1001;43215897;1;BRL;711829505,01
012024;1001;56205546;90;EUR;-190660045,31
012024;1001;79528770;30;BRL;242930690,00
012024;1001;50945216;1;EUR;748637183,58
012024;1001;32170322;360;USD;731466250,06
012024;1001;94599174;360;EUR;739802358,04
012024;1001;57862575;30;USD;-134724490,20
012024;1001;16848237;90;USD;-119516746,15
012024;1001;24545340;90;USD;-50545227,27
012024;1001;69498397;90;BRL;88266039,31
012024;1001;88532296;30;USD;379763283,59
012024;1001;87507420;60;EUR;841926064,47
012024;1001;11868399;180;USD;437182507,72
012024;1001;44925271;180;EUR;-536284663,86
012024;1001;79789938;1;EUR;-485568207,57
012024;1001;45002862;30;EUR;667627625,52
012024;1001;26179773;360;BRL;-270584939,21
012024;1001;18338598;90;BRL;210814117,66
012024;1001;49684236;180;BRL;130248488,88
012024;1001;48319687;30;USD;-12113779,66
012024;1001;45706542;30;EUR;-365244433,53
012024;1001;98019877;1;EUR;-50334716,34
012024;1001;80437230;90;EUR;188997697,73
012024;1001;16400379;360;EUR;891845132,70
012024;1001;86587450;60;EUR;-107991013,54
012024;1001;56540294;30;USD;460565761,77
012024;1001;54820156;60;BRL;-275902101,69
012024;1001;31422763;60;USD;714126382,35
012024;1001;68176223;360;EUR;138787579,73
012024;1001;83281354;360;BRL;225966720,59
012024;1001;56891042;30;BRL;-639785380,37
012024;1001;88133754;1;USD;-544973527,41
012024;1001;23384606;90;USD;-656564981,84
012024;1001;23396515;30;USD;744464461,49
012024;1001;12970178;1;EUR;-235417100,05
012024;1001;52781253;180;BRL;384161267,19
012024;1001;20273411;360;BRL;-362288061,09
012024;1001;20583359;90;EUR;727346016,88
012024;1001;37228768;360;USD;840854194,69
012024;1001;60711938;90;EUR;-932232151,26
012024;1001;70232606;360;USD;829161123,41
012024;1001;52534851;1;BRL;889306227,66
012024;1001;82574831;1;EUR;724624376,19
012024;1001;39306477;180;USD;-637659935,22
012024;1001;79718345;1;EUR;-430180668,18
012024;1001;61081107;1;BRL;-309695047,26
012024;1001;81369810;90;USD;-531054200,55
012024;1001;15702736;360;USD;193241294,00
012024;1001;62880166;60;BRL;-243423450,24
012024;1001;89024797;30;USD;-588900018,81
012024;1001;48297813;90;USD;-155149326,89
012024;1001;61403815;180;BRL;119327277,21
012024;1001;71405607;180;BRL;646302328,63
012024;1001;14733004;360;EUR;-923936724,63
012024;1001;55457856;90;EUR;-53196391,45
012024;1001;63525368;60;BRL;263275474,34
012024;1001;49145017;360;USD;733157541,12
012024;1001;83466082;360;EUR;-228590674,81
012024;1001;24555617;360;EUR;556112901,42
012024;1001;40197092;180;USD;203510398,63
012024;1001;39118986;30;USD;-899552208,07
012024;1001;70615470;360;EUR;844319601,00
012024;1001;78169211;30;BRL;-287518485,94
012024;1001;72057166;30;USD;-369828908,12
012024;1001;61309220;180;USD;-406740971,21
012024;1001;83786346;180;EUR;-58308282,56
012024;1001;41747562;30;BRL;-822460936,40
012024;1001;46221588;360;BRL;-998035940,78
012024;1001;49349548;90;USD;540929602,25
012024;1001;54370897;30;EUR;-876834104,06
012024;1001;76994629;180;USD;-37867944,95
012024;1001;64199062;90;USD;855491789,61
012024;1001;35084886;30;EUR;-234915273,85
012024;1001;98580223;360;EUR;795039402,83
012024;1001;59187437;360;USD;363811957,93
012024;1001;55002681;90;BRL;-633187610,91
012024;1001;30172406;1;BRL;172246238,62
012024;1001;90366472;30;USD;301981614,50
012024;1001;61961902;360;USD;236969812,72
012024;1001;64494196;90;USD;329893620,82
012024;1001;84566632;30;EUR;846355827,29
012024;1001;36752836;1;BRL;-922866568,85
012024;1001;17471441;1;EUR;-800375832,15
012024;1001;46224371;360;BRL;-980743541,74
012024;1001;32043375;30;USD;-339829725,58
012024;1001;49592199;1;EUR;743993882,60
012024;1001;99728105;90;BRL;-724404764,61
012024;1001;95866735;30;BRL;857759460,08
012024;1001;21360774;60;EUR;138789180,08
012024;1001;45426681;30;BRL;-757340972,31
012024;1001;71145201;90;USD;-739374848,05
012024;1001;88043631;1;BRL;155911515,30
012024;1001;44509912;1;EUR;-261451155,59
012024;1001;28946635;1;BRL;431897792,87
012024;1001;86575593;180;EUR;331796617,44
012024;1001;11919563;30;EUR;-636598208,14
012024;1001;63113963;360;USD;-271103952,05
012024;1001;87465386;1;BRL;-491602974,05
012024;1001;24045746;180;BRL;239677389,48
012024;1001;55423957;30;USD;138173461,29
012024;1001;97504910;30;USD;-585310059,61
012024;1001;64919394;180;USD;748827360,19
012024;1001;83669732;30;EUR;789120751,22
012024;1001;75885504;180;BRL;896099834,11
012024;1001;34073033;360;EUR;-553063521,93
012024;1001;36972715;90;USD;-585635984,26
012024;1001;85952178;60;BRL;-462181297,20
012024;1001;28446561;60;EUR;852363532,47
012024;1001;84365553;180;BRL;-572266845,17
012024;1001;29465345;60;EUR;-64017485,16
012024;1001;42867399;30;EUR;778237725,46
012024;1001;70743155;90;EUR;-911009738,18
012024;1001;23583222;30;USD;-933176740,35
012024;1001;19396099;30;USD;504890582,59
012024;1001;23567396;360;USD;680463550,98
012024;1001;16053690;360;BRL;445340739,67
012024;1001;83244427;180;BRL;369434067,35
012024;1001;71436748;60;EUR;594466550,69
012024;1001;25267092;360;BRL;-707117075,14
012024;1001;47185035;360;USD;-271561003,74
012024;1001;93691102;30;USD;-770213387,94
012024;1001;59591723;360;USD;495479752,15
012024;1001;20253249;1;BRL;128029780,43
012024;1001;53047459;60;BRL;-95927096,05
012024;1001;63216421;60;USD;205583009,34
012024;1001;67353148;90;USD;494962655,43
012024;1001;34300113;90;EUR;-275391259,88
012024;1001;71905306;90;USD;-818319603,04
012024;1001;95473355;180;BRL;210671250,17
012024;1001;25795083;30;BRL;38417905,89
012024;1001;47808728;60;EUR;98607348,45
012024;1001;80030589;1;USD;190404036,40
012024;1001;95168425;360;EUR;617542137,59
012024;1001;67623916;30;BRL;972590309,73
012024;1001;91124041;180;USD;582589483,56
012024;1001;46680112;30;BRL;873541138,73
012024;1001;87211256;60;USD;-792141503,14
012024;1001;29771733;60;USD;-168429688,56
012024;1001;75503995;1;BRL;-563887170,06
012024;1001;30453036;90;USD;625614810,54
012024;1001;72854815;360;USD;-690363829,52
012024;1001;63145916;30;BRL;380552003,07
012024;1001;63053282;90;USD;-620267852,77
012024;1001;25896662;90;USD;-4658785,73
012024;1001;52443067;1;USD;-997824856,04
012024;1001;88737276;1;BRL;-137805432,64
012024;1001;71127747;1;USD;-871779435,40
012024;1001;78025066;360;BRL;827647425,91
012024;1001;83071066;180;BRL;-110385718,40
012024;1001;32848909;360;USD;473378512,79
012024;1001;89913503;1;EUR;-256630172,16
012024;1001;64050751;180;EUR;-867278575,49
012024;1001;55170326;60;EUR;-265214056,93
012024;1001;14449796;1;BRL;-355663456,08
012024;1001;81052725;1;BRL;-724348070,48
012024;1001;93840896;60;BRL;272530745,78
012024;1001;61260686;60;BRL;-918963581,30
012024;1001;80959516;1;USD;-459788821,70
012024;1001;48606044;180;EUR;-333442495,64
012024;1001;58086373;60;BRL;553114631,26
012024;1001;59989366;90;EUR;618406287,05
012024;1001;29382764;60;BRL;-388864863,79
012024;1001;87781671;30;USD;479076433,96
012024;1001;38751128;60;USD;-124921892,40
012024;1001;66121856;360;BRL;35866429,99
012024;1001;60147107;180;EUR;-200743644,93
012024;1001;74355174;60;USD;301662356,85
012024;1001;51808669;90;USD;415024380,51
012024;1001;31114559;60;USD;345534334,32
012024;1001;23395818;60;USD;-687628951,76
012024;1001;99775727;60;BRL;-517837895,48
012024;1001;60512623;360;USD;443546153,59
012024;1001;75435308;180;EUR;203771003,87
012024;1001;28548114;90;EUR;-859870920,98
012024;1001;50452512;360;EUR;-195957590,81
012024;1001;73565361;90;USD;-854131451,22
012024;1001;81308877;90;BRL;540067844,91
012024;1001;85711922;1;EUR;32693953,18
012024;1001;56976842;360;USD;-471062216,30
012024;1001;46513746;90;BRL;-973839119,18
012024;1001;91548569;90;BRL;256817932,03
012024;1001;90661962;90;BRL;159744639,58
012024;1001;17700869;360;EUR;921855432,68
012024;1001;60785464;1;EUR;630081950,62
012024;1001;12752613;1;BRL;-36412767,17
012024;1001;54218311;360;BRL;308998273,15
012024;1001;93745747;60;USD;805420539,07
012024;1001;33317173;90;USD;-359688735,54
012024;1001;75794754;180;USD;-627267670,05
012024;1001;57282762;1;BRL;-763370351,98
012024;1001;85778810;360;EUR;524098829,14
012024;1001;93892839;60;BRL;602867837,86
012024;1001;55560582;180;USD;-935815961,99
012024;1001;14063677;1;USD;905220294,79
012024;1001;16135046;30;BRL;321266391,31
012024;1001;53494298;360;BRL;-383088924,36
012024;1001;85742624;60;USD;-238586785,43
012024;1001;63915742;30;EUR;-602959102,63
012024;1001;75960792;180;BRL;-9552805,46
012024;1001;30796969;1;EUR;750151798,42
012024;1001;57685191;90;EUR;-752142374,20
012024;1001;34104233;30;EUR;723328850,62
012024;1001;49468249;30;USD;715563207,38
012024;1001;12294502;360;EUR;-903337519,29
012024;1001;41751771;60;USD;-256734504,28
012024;1001;49625276;90;BRL;800391629,36
012024;1001;31683993;1;EUR;399090220,03
012024;1001;27662516;30;EUR;714167622,81
012024;1001;75261737;30;USD;309672665,50
012024;1001;71574847;90;EUR;195642851,42
012024;1001;69633504;60;USD;-801970712,05
012024;1001;37187377;360;EUR;-841664769,57
012024;1001;21168048;30;EUR;-502461739,47
012024;1001;32916240;30;USD;888310533,43
012024;1001;82036329;360;USD;-209612146,96
012024;1001;57668727;90;BRL;616698490,69
012024;1001;36616507;60;USD;536818697,02
012024;1001;23434772;60;EUR;-68868149,11
012024;1001;33810044;90;EUR;-923562380,95
012024;1001;87943213;30;BRL;-326756609,59
012024;1001;37165352;180;EUR;496514754,61
012024;1001;63133019;60;BRL;143170807,77
012024;1001;76122060;360;USD;965641677,12
012024;1001;18318001;90;BRL;488033075,79
012024;1001;96640286;90;USD;406156641,56
012024;1001;29064568;90;USD;335984286,33
012024;1001;11694753;90;EUR;153477270,50
012024;1001;64437169;180;BRL;86579945,10
012024;1001;55341571;360;USD;-229000833,01
012024;1001;64135299;180;EUR;-732631467,45
012024;1001;89118877;360;EUR;-575214024,34
012024;1001;76967789;360;EUR;801134507,98
012024;1001;13434408;180;BRL;-241837126,54
012024;1001;35863094;360;BRL;868907027,60
012024;1001;53466597;1;BRL;-731761130,83
012024;1001;49373233;180;BRL;-724232256,30
012024;1001;72692446;60;BRL;-967294759,41
012024;1001;87727253;180;EUR;-373343189,29
012024;1001;15875425;180;EUR;-241654875,43
012024;1001;71301988;30;BRL;-263659307,30
012024;1001;82254581;180;USD;-174104465,49
012024;1001;24905658;1;USD;33279886,45
012024;1001;91389555;1;BRL;681651704,64
012024;1001;19947368;360;BRL;-66008358,88
012024;1001;52037287;180;EUR;643421412,93
012024;1001;34464642;1;EUR;373883561,68
012024;1001;34147415;90;EUR;-438329704,76
012024;1001;21000433;90;EUR;730098848,10
012024;1001;39739489;180;BRL;-628290324,95
012024;1001;81314328;1;USD;-155358297,98
012024;1001;65190665;30;BRL;-354899087,81
012024;1001;32765560;360;BRL;-272597818,90
012024;1001;39687910;90;EUR;-586873343,58
012024;1001;96515334;90;BRL;215245084,36
012024;1001;91963819;1;USD;137100589,92
012024;1001;86917705;30;BRL;3437304,19
012024;1001;13397183;30;EUR;903329021,43
012024;1001;14092312;180;USD;451566943,99
012024;1001;79451596;360;EUR;-606942153,51
012024;1001;26889616;1;BRL;95768183,37
012024;1001;78533259;60;USD;416178533,20
012024;1001;90726187;90;BRL;-743590943,18
012024;1001;72751465;90;EUR;-853417686,69
012024;1001;50005598;1;USD;880360938,48
012024;1001;16719087;30;EUR;13807580,11
012024;1001;14909834;30;EUR;-112182518,83
012024;1001;78116968;60;BRL;834263761,70
012024;1001;68413970;180;USD;967532007,19
012024;1001;90905377;60;BRL;212974812,14
012024;1001;72449095;60;BRL;-598658712,29
012024;1001;82082073;1;USD;107263274,85
012024;1001;65570416;90;EUR;787704700,07
012024;1001;15863974;60;USD;287171065,28
012024;1001;77457728;90;USD;-947267111,50
012024;1001;89404406;180;BRL;-556244880,81
012024;1001;40317929;90;EUR;576816496,94
012024;1001;52134417;360;EUR;804577266,57
012024;1001;49112415;180;USD;348957588,14
012024;1001;40774481;90;EUR;249922769,96
012024;1001;19700053;360;EUR;81799083,49
012024;1001;71130143;60;BRL;143456398,55
012024;1001;31092255;180;EUR;876932880,98
012024;1001;83660504;1;USD;-280708535,40
012024;1001;53822234;180;USD;18624216,90
012024;1001;31682563;60;EUR;218337125,37
012024;1001;42560024;60;BRL;191490712,45
012024;1001;30493896;1;EUR;-696376461,80
012024;1001;27124565;360;BRL;-547973345,47
012024;1001;38625214;360;BRL;-574499309,40
012024;1001;22236815;30;BRL;493300422,07
012024;1001;96228584;360;USD;117836827,35
012024;1001;85972962;90;EUR;567895269,14
012024;1001;40752176;180;BRL;919123149,59
012024;1001;46014577;1;BRL;504237946,77
012024;1001;16426206;360;USD;-15025663,28
012024;1001;59600134;1;EUR;741265880,28
012024;1001;59131723;30;EUR;925961797,87
012024;1001;47799947;30;BRL;-24514908,59
012024;1001;91436346;180;EUR;860210341,35
012024;1001;72025356;30;BRL;905891058,78
012024;1001;89829403;360;USD;-686778015,22
